#,Indikator BHS,Indicator English,F,M,Y,T,Code 1,Code 2,Subcategory 1,Category 1,Dimension 1,Subcategory 2,Category 2,Dimension 2
3,Ljudi se ne pitaju svakodnevno hoće li biti rata.,People don't ask themselves every day if there will be a war.,4.0,4.0,8.0,16,7.0,2.2,Legacies of War,Legacies of War,Dealing with the Past,Confidence,Tranquility/security ,Security
5,Nacionalnost ne utiče na to da li će neko biti prijatelj ili ne.,Nationality does not affect whether someone will be friends or not.,5.0,4.0,6.0,15,6.9,6.2,Ethno-religious identity,Social Relations,Culture & Society,Personal relationships,Social Relations,Culture & Society
6,Nikome nije u interesu da u BiH opet bude rat.,It's in no one's interest for there to be another war in B&H.,2.0,2.0,9.0,13,7.0,2.0,Legacies of War,Legacies of War,Dealing with the Past,Tranquility/security ,Tranquility/security ,Security
7,U Potocima je pokrenut zajednički projekat edukativnih radionica koji okuplja žene sve tri nacije,"A joint project of educational workshops has been launched in Potoci, bringing together women from all three nations.",6.0,2.0,5.0,13,19.2,22.4,Non-school based education,Education,Rights & Dignity,Gender based activities,Gender,Culture & Society
9,"U slastičarni u Potocima postoje i palačinke, kako bi se mladi mogli družiti jedući palačinke.","There are also pancakes served in the patisserie in Potoci, so that young people can socialize while eating pancakes.",,3.0,9.0,12,11.1,15.0,Cafes and Space,Socializing,Culture & Society,Youth,Youth,Culture & Society
10,I Srbi i Hrvati i Bošnjaci jednako vole svoje Potoke.,"Serbs, Croats and Bosniaks all love Potoci equally as their own.",4.0,1.0,7.0,12,3.2,6.9,Public Ownership,Public space,Culture & Society,Ethno-religious identity,Social Relations,Culture & Society
11,Ljudi u Potocima opet imaju izvorsku vodu u kanalima za navodnjavanje,People in Potoci again have spring water in the irrigation canals,9.0,2.0,1.0,12,17.6,,Water/agriculture,Infrastructure,Economic Activity & Livelihoods,,,
12,Cigare se ne prodaju osobama mlađim od 18 godina.,Cigarettes are not sold to persons under 18 years of age.,3.0,1.0,8.0,12,23.3,4.0,Youth Health,Health,Rights & Dignity,Criminality and Legal Enforcement,Criminality and Legal Enforcement,Rights & Dignity
16,"Bijelo Polje je „šareno“ – jedna kuća muslimanska, druga katolička, treća pravoslavna","Bijelo Polje is ""colourful"" – one Muslim house, another Catholic, the third Orthodox.",7.0,2.0,2.0,11,6.9,13.0,Ethno-religious identity,Social Relations,Culture & Society,Media,Media,Culture & Society
17,Postoje projekti NVO-a u Potocima gdje se ljudi svih nacija druže.,There are NGO projects in Potoci where people of all nations socialize.,5.0,3.0,3.0,11,9.7,6.9,Citizens' associations,Governance,Rights & Dignity,Ethno-religious identity,Social Relations,Culture & Society
18,"Susjedi u Potocima sarađuju jedni s drugima da se poboljša stanje, jer nije dovoljno da samo vlada mir.","Neighbors in Potoci cooperate with each other to improve the situation, because it is not enough that peace reigns.",2.0,6.0,3.0,11,6.12,3.2,Neighbor Relations,Social Relations,Culture & Society,Public Ownership,Public space,Culture & Society
19,Ljudi u Potocima sade poljoprivredne proizvode i na taj način žive od svoga rada.,People in Potoci plant agricultural products and in that way make a living from their work.,6.0,3.0,2.0,11,20.8,,Livelihoods,Business,Economic Activity & Livelihoods,,,
20,Radnice u kladionicama ne puštaju djecu da kockaju.,Workers in betting shops do not let children gamble.,5.0,2.0,4.0,11,15.0,4.0,Youth,Youth,Culture & Society,Criminality and Legal Enforcement,Criminality and Legal Enforcement,Rights & Dignity
21,Alkohol se ne prodaje osobama mlađim od 18 godina.,Alcohol is not sold to people under 18 years of age.,3.0,1.0,7.0,11,16.1,23.3,Prevention,Drugs & Alcohol,Rights & Dignity,Youth Health,Health,Rights & Dignity
24,"Kada su bili protesti na Uborku, niko nije pitao ko je ko.","When there were protests at Uborak, no one asked who was who.",7.0,2.0,1.0,10,6.4,1.3,Activism,Social Relations,Culture & Society,Social,Integration and acceptance,Culture & Society
25,Djeca se uče u školi da se ne razlikuju po vjeri.,Children are taught in school not to differ each other by their religion.,1.0,1.0,8.0,10,19.3,1.1,School inclusivness,Education,Rights & Dignity,Personal value,Integration and acceptance,Culture & Society
26,Autobusi za Mostar voze i kada nema škole.,Buses to Mostar run even when there is no school.,5.0,,5.0,10,21.4,,Public transport,Motor Vehicles ,Culture & Society,,,
27,Mjesne zajednice ne dozvoljavaju da se kladionice otvaraju pored škola.,Local communities do not allow betting shops to open next to schools.,2.0,1.0,7.0,10,19.0,4.0,Education,Education,Rights & Dignity,Criminality and Legal Enforcement,Criminality and Legal Enforcement,Rights & Dignity
30,"U Potocima bošnjačka, hrvatska i srpska djeca, idu zajedno u istu osnovnu školu.","In Potoci, Bosniak, Croat and Serb children go to the same primary school together.",5.0,2.0,2.0,9,19.3,15.5,School inclusivness,Education,Rights & Dignity,Inclusion,Youth,Culture & Society
31,Uvedeno je više autobuskih linija iz Potoka za Mostar.,More bus lines from Potoci to Mostar have been introduced.,,2.0,7.0,9,21.4,,Public transport,Motor Vehicles ,Culture & Society,,,
33,"Djeca u Potocima se igraju zajedno, bez obzira na nacionalnost","Children in Potoci play together, regardless of their nationality.",2.0,1.0,5.0,8,15.5,11.4,Inclusion,Youth,Culture & Society,Informal,Socializing,Culture & Society
34,"Uspostavljen je odbor mjesnih zajednica koji organizuje zajedničke aktivnosti (npr. kulturne, edukativne) za sve ljude.","A local community committee has been established which organizes joint activities (e.g. cultural, educational) for all people.",3.0,2.0,3.0,8,9.6,3.7,Mjesna zajednica,Governance,Rights & Dignity,Activities,Public space,Culture & Society
35,Na TV ne objavljuju svaku večer priče o ratu u BiH.,They do not publish stories about the war in BiH on TV every night.,1.0,4.0,3.0,8,13.1,7.0,Traditional,Media,Culture & Society,Legacies of War,Legacies of War,Dealing with the Past
36,Vozači u Potocima koriste žmigavce.,Drivers in Potoci use turn signals.,1.0,2.0,5.0,8,21.2,,Traffic,Motor Vehicles ,Culture & Society,,,
41,U Potocima mladi ljudi različitih nacionalnosti izlaze u iste kafiće.,"In Potoci, young people of different nationalities go out to the same cafes.",3.0,,4.0,7,11.1,15.5,Cafes and Space,Socializing,Culture & Society,Inclusion,Youth,Culture & Society
42,Ljudi nisu prisiljeni navodnjavati bašte sa hlorisanom vodom iz slavine.,People are not forced to irrigate their gardens with chlorinated tap water.,4.0,2.0,1.0,7,17.6,9.1,Water/agriculture,Infrastructure,Economic Activity & Livelihoods,City politics,Governance,Rights & Dignity
43,Maloljetnici ne hodaju po klubovima poslije 22.00 sata.,Minors don't frequent clubs after 10PM.,3.0,,4.0,7,15.0,11.1,Youth,Youth,Culture & Society,Cafes and Space,Socializing,Culture & Society
44,Više ljudi ima posao.,More people have jobs.,3.0,,4.0,7,20.2,10.2,Hiring & employment,Business,Economic Activity & Livelihoods,Unemployment,Social Programs / Social Services,Rights & Dignity
45,U BiH je razvijen turizam zahvaljujući iskorištavanju postojećeg prirodnog bogatstva.,Tourism has developed in B&H thanks to the use of existing natural resources.,3.0,1.0,3.0,7,20.4,3.5,Tourism,Business,Economic Activity & Livelihoods,Use of outdoors,Public space,Culture & Society
49,Otac se trudi da se mržnja prema drugim nacijama ne širi međi njegovom djecom.,The father makes an effort not to spread hatred towards other nations among his children.,5.0,,1.0,6,15.2,6.1,Infrastructure,Youth,Culture & Society,Us V Them,Social Relations,Culture & Society
50,Roditelji Red Army-a znaju šta im djeca rade.,The parents of Red Army members know what their children are doing.,,2.0,4.0,6,15.2,4.1,Infrastructure,Youth,Culture & Society,Sport & Hooliganism,Criminality and Legal Enforcement,Rights & Dignity
51,"Jednom mjesečno, organizuju se radionice za mlade u Potocima.","Once a month, workshops for young people are organized in Potoci.",2.0,1.0,3.0,6,15.1,19.2,Engagement,Youth,Culture & Society,Non-school based education,Education,Rights & Dignity
52,"Mostarski orkestar ne izvodi samo praznične koncerte, jer u Mostaru ima više prostora gdje mogu nastupiti za brojnu publiku.","The Mostar Orchestra does not only perform holiday concerts, because there are more places in Mostar where they can perform for a large audience.",3.0,,3.0,6,17.2,3.7,Public Spaces ,Infrastructure,Economic Activity & Livelihoods,Activities,Public space,Culture & Society
58,Djevojka ima prijatelje i Bošnjake i Hrvate.,The girl has both Bosniak and Croat friends.,2.0,1.0,2.0,5,6.2,15.5,Personal relationships,Social Relations,Culture & Society,Inclusion,Youth,Culture & Society
59,Mladi ljudi koji završe školu nisu prisiljeni odlaziti u inostranstvo (zbog posla).,Young people who finish school are not forced to go abroad (for work).,5.0,,,5,20.5,19.0,Youth employment,Business,Economic Activity & Livelihoods,Education,Education,Rights & Dignity
60,Ultrasi ne dolaze po noći u Potoke kako bi pisali slovo „U“ na fasadama u ulicama u kojoj su Hrvati manjina.,"Ultras do not come to Potoci at night to write the letter ""U"" on the facades in the streets where Croats are a minority.",,,5.0,5,3.0,8.0,Public space,Public space,Culture & Society,Nationalism,Nationalism,Culture & Society
61,"Studentice generacije ne moraju ići u Njemačku, zato jer mogu dobiti posao u Mostaru.","Female valedictorians do not have to go to Germany, because they can get a job in Mostar.",3.0,,2.0,5,20.7,10.2,Migration,Business,Economic Activity & Livelihoods,Unemployment,Social Programs / Social Services,Rights & Dignity
62,Mediji ne izvještavaju o tuči dvije starije žene blizu Mašinsko-saobraćajane škole kao o međunacionalnom incidentu nekih učenica te škole.,The media do not report on the fight between two elderly women near the Mechanical and Traffic School as an interethnic incident of some students of that school.,,1.0,4.0,5,6.1,13.0,Us V Them,Social Relations,Culture & Society,Media,Media,Culture & Society
63,Ljude se ne ubija u pojam tako da im se svaki dan serviraju male doze negativnih vijesti.,People's spirits are not crushed by being serving small doses of negative news every day.,1.0,2.0,2.0,5,13.0,10.2,Media,Media,Culture & Society,Unemployment,Social Programs / Social Services,Rights & Dignity
68,Djevojka se neće promijeniti za nekoga kome se ne sviđa kako se oblači.,A girl will not change for someone who does not like the way she dresses.,3.0,,1.0,4,22.1,1.1,Gender norms,Gender,Culture & Society,Personal value,Integration and acceptance,Culture & Society
69,"Djevojka koja živi na granici između Hrvata i Bošnjaka u Potocima, ne može osjetiti da su drugačiji.",A girl living on the border between Croats and Bosniaks in Potoci cannot feel that they are different.,1.0,,3.0,4,1.3,6.9,Social,Integration and acceptance,Culture & Society,Ethno-religious identity,Social Relations,Culture & Society
70,"Za razliku od starijih generacija koje su doživjele rat, mladi žive bez nacionalnih podjela jer nisu doživjeli rat.","Unlike the older generations who experienced the war, the young live without national divisions because they have not experienced the war.",2.0,1.0,1.0,4,7.6,15.5,Intergroup,Legacies of War,Dealing with the Past,Inclusion,Youth,Culture & Society
71,"Kad djevojka dođe iz škole umorna, majka joj daje bar sat vremena da se malo opusti i odmori.","When a girl comes home from school tired, her mother gives her at least an hour to rest and relax.",,,4.0,4,11.3,15.2,Individual Leisure,Socializing,Culture & Society,Infrastructure,Youth,Culture & Society
72,"Kada su bili protesti na Uborku, svi su, bez obzira na vjeru i nacionalnost, izašli na ulice, kako bi branili svoje mjesto.","When there were protests at Uborak, everyone, regardless of religion or nationality, took to the streets to protect their place.",1.0,1.0,2.0,4,6.4,6.9,Activism,Social Relations,Culture & Society,Ethno-religious identity,Social Relations,Culture & Society
73,"Kad se desi neki incident između ljudi različitih nacionalnosti u gradu, ljudi ne govore, “ono su njihovi, to su naši.”","When there is an incident between people of different nationalities in the city, people don't say, ""these are theirs, and these are ours.""",3.0,,1.0,4,6.1,1.3,Us V Them,Social Relations,Culture & Society,Social,Integration and acceptance,Culture & Society
74,"Kada se desi incident poput tuče huligana, za to se ne krivi jedna cijela nacija.","When an incident like a hooligan fight happens, one whole nation is not blamed for that.",2.0,2.0,,4,4.1,6.1,Sport & Hooliganism,Criminality and Legal Enforcement,Rights & Dignity,Us V Them,Social Relations,Culture & Society
75,Smrad s Uborka se ne širi do Potoka.,The stench from Uborak does not spread to Potoci.,2.0,,2.0,4,18.1,10.6,Waste management Services,Environment,Rights & Dignity,Public utilities,Social Programs / Social Services,Rights & Dignity
76,Vlast nije korumpirana i zato ne nastaju sukobi na nacionalnoj osnovi.,The government is not corrupt and therefore conflicts do not arise on a national basis.,3.0,1.0,,4,6.1,4.2,Us V Them,Social Relations,Culture & Society,Corruption ,Criminality and Legal Enforcement,Rights & Dignity
77,Roditelji svojoj djeci ne pune glavu nacionalističkim predrasudama.,Parents do not fill their children's heads with nationalist prejudices.,1.0,,3.0,4,8.0,15.2,Nationalism,Nationalism,Culture & Society,Infrastructure,Youth,Culture & Society
78,Roditelji ne moraju imati političke veze da bi se njihova djeca zaposlila u Mostaru.,Parents do not have to have political connections in order for their children to be employed in Mostar.,2.0,1.0,1.0,4,4.2,20.5,Corruption ,Criminality and Legal Enforcement,Rights & Dignity,Youth employment,Business,Economic Activity & Livelihoods
79,Ljudi u Potocima nisu uznemireni zato što svaku večer na TV čuju priču o ratu.,People in Potoci are not disturbed because they hear the war propaganda on TV every night.,3.0,,1.0,4,13.1,7.0,Traditional,Media,Culture & Society,Legacies of War,Legacies of War,Dealing with the Past
80,Mediji ne prihvataju da za novac propagiraju rat.,The media does not accept to propagate war for money.,4.0,,,4,7.0,13.0,Legacies of War,Legacies of War,Dealing with the Past,Media,Media,Culture & Society
81,"Grafiti budu samo kratko u Potocima, jer ih ljudi prefarbaju.","Graffiti is in Potoci for a short time only, because people repaint it.",,,4.0,4,3.2,8.5,Public Ownership,Public space,Culture & Society,Political Symbols,Nationalism,Culture & Society
92,"U Potocima su ljudi bliži jedni drugima, jer su manja zajednica od Mostara.","In Potoci, people are closer to each other because they are a smaller community than Mostar.",2.0,,1.0,3,6.3,1.3,Social Trust,Social Relations,Culture & Society,Social,Integration and acceptance,Culture & Society
93,Svako u Potocima ima s kim izaći vani i družiti se.,Everyone in Potoci has someone to go out and socialize with.,2.0,1.0,,3,11.0,6.2,Socializing,Socializing,Culture & Society,Personal relationships,Social Relations,Culture & Society
94,"Kada su bili protesti na Uborku, svi su, bez obzira na vjeru i nacionalnost, izašli na ulice da protestuju za čist zrak.","When there were protests in Uborak, everyone, regardless of religion and nationality, took to the streets to protest for clean air.",1.0,1.0,1.0,3,1.3,6.4,Social,Integration and acceptance,Culture & Society,Activism,Social Relations,Culture & Society
95,"Grad Mostar je napravio projekat, koji u Potocima potiče zajednički rad sve tri nacije.","The city of Mostar has made a project, which encourages the joint work of all three nations in Potoci.",2.0,,1.0,3,9.1,6.9,City politics,Governance,Rights & Dignity,Ethno-religious identity,Social Relations,Culture & Society
96,Hrvat iz Potoka ne može biti agresor u Potocima.,A Croat from Potoci cannot be an aggressor in Potoci.,,1.0,2.0,3,1.1,7.0,Personal value,Integration and acceptance,Culture & Society,Legacies of War,Legacies of War,Dealing with the Past
97,Ljudi ukazuju političarima na svoje potrebe po pitanju zapošljavanja.,People point out their employment needs to politicians.,3.0,,,3,9.4,20.2,Accessibility ,Governance,Rights & Dignity,Hiring & employment,Business,Economic Activity & Livelihoods
98,"Malonogometni turnir „Omer Tipura“, koji se organizuje svako ljeto u Potocima, okuplja veliki broj timova iz Mostara i okoline.","The indoor football tournament ""Omer Tipura"", which is organized every summer in Potoci, gathers a large number of teams from Mostar and the surrounding area.",,1.0,2.0,3,12.4,12.3,Inclusion,Sport,Culture & Society,Activities,Sport,Culture & Society
99,"Ljudi prihvataju škole podijeljene po nacionalnosti, jer prihvataju kulturološke razlike između ljudi.",People accept schools divided by nationality because they accept cultural differences between people.,,,3.0,3,19.3,6.9,School inclusivness,Education,Rights & Dignity,Ethno-religious identity,Social Relations,Culture & Society
100,Roditelji zajedno organizuju vannastavne projkete (edukativne radionice) za izgradnju pozitivnih ličnosti mladih.,Parents together organize extracurricular projects (educational workshops) to build positive personalities/characters of young people.,2.0,,1.0,3,19.2,15.2,Non-school based education,Education,Rights & Dignity,Infrastructure,Youth,Culture & Society
115,"Kada Hrvatica i njena porodica imaju blagdane, bošnjačke porodice uvijek zovu da im čestitaju.","When a Croat and her family have holidays, Bosniak families always call to wish them a happy holiday.",2.0,,,2,14.2,6.2,Interfaith relations,Religion,Culture & Society,Personal relationships,Social Relations,Culture & Society
116,Mladi razumiju da su starijim generacijama ostale neke ratne traume.,Young people understand that the older generations are left with some war trauma.,1.0,1.0,,2,6.6,7.0,Inter-generational Relations,Social Relations,Culture & Society,Legacies of War,Legacies of War,Dealing with the Past
117,"Ljudi znaju mirno rješavati probleme, da ne dođe do podjela u trenutku kada se u gradu desi neki incident između ljudi različitih nacionalnosti.","People know how to solve problems peacefully, so that there is no division in the moment when there is an incident in the city between people of different nationalities.",,1.0,1.0,2,1.3,6.1,Social,Integration and acceptance,Culture & Society,Us V Them,Social Relations,Culture & Society
118,"Ako je neki Ante nekome razbio glavu, ne znači da bi to uradio i Ivan.","If some Ante broke someone's head, it doesn't mean that Ivan would do the same.",,,2.0,2,4.4,6.1,Violent Crime,Criminality and Legal Enforcement,Rights & Dignity,Us V Them,Social Relations,Culture & Society
119,Žena iz Potoka nije izgubila nadu da se išta može promijeniti u vezi raspisivanja konkursa.,A woman from Potoci does not lose hope that something can change regarding the announcement of a [job] vacancy.,2.0,,,2,20.2,4.2,Hiring & employment,Business,Economic Activity & Livelihoods,Corruption ,Criminality and Legal Enforcement,Rights & Dignity
120,"Djeca i u Potocima, kao i u Mostaru, imaju prijatelje druge vjere.","Children in Potoci, like as in Mostar, have friends of other faiths.",,,2.0,2,15.5,6.9,Inclusion,Youth,Culture & Society,Ethno-religious identity,Social Relations,Culture & Society
121,Zimski grad u Mostaru je za sve ljude.,Winterville in Mostar is for all people.,,1.0,1.0,2,3.7,1.3,Activities,Public space,Culture & Society,Social,Integration and acceptance,Culture & Society
122,Vjera ne utiče na to da li će neko biti prijatelj ili ne.,Faith does not affect whether someone will be friends or not.,,,2.0,2,6.2,6.9,Personal relationships,Social Relations,Culture & Society,Ethno-religious identity,Social Relations,Culture & Society
123,Ljudi u Potocima su navikli da čuju ezan sa džamije i zvona sa katoličke i pravoslavne crkve.,People in Potoci are used to hearing the call to prayer from the mosque and the bells from the Catholic and Orthodox churches.,,,2.0,2,14.3,1.3,Religious beliefs and practices,Religion,Culture & Society,Social,Integration and acceptance,Culture & Society
124,Grad Mostar je osigurao novu pumpu za navodnjavanje iz jezera.,The city of Mostar has provided a new irrigation pump for irrigation from the lake.,1.0,1.0,,2,17.6,9.1,Water/agriculture,Infrastructure,Economic Activity & Livelihoods,City politics,Governance,Rights & Dignity
125,Policija je odgovorna za sprečavanje huliganizma u Mostaru.,Police are responsible for preventing hooliganism in Mostar.,2.0,,,2,5.1,4.1,Accountability ,Police,Armed Actors,Sport & Hooliganism,Criminality and Legal Enforcement,Rights & Dignity
126,"U Mostaru više nema huliganizma, jer huligani dobijaju 10-15 godina zatvora kada nekoga napadnu.","There is no more hooliganism in Mostar, because hooligans get 10-15 years in prison when they attack someone.",,,2.0,2,4.1,9.3,Sport & Hooliganism,Criminality and Legal Enforcement,Rights & Dignity,Political functionality,Governance,Rights & Dignity
127,"U Mostaru se osjete pomaci, nakon što je izabran novi gradonačelnik.",You can feel progress in Mostar after the new mayor was elected.,,2.0,,2,9.1,9.3,City politics,Governance,Rights & Dignity,Political functionality,Governance,Rights & Dignity
128,Više mladih ljudi je zaposleno pa imaju više međunacionalnog kontakta.,More young people are employed so they have more interethnic contact.,,2.0,,2,6.9,20.5,Ethno-religious identity,Social Relations,Culture & Society,Youth employment,Business,Economic Activity & Livelihoods
129,Djeca se uče u školi da se ne razlikuju po imenima.,Children are taught in school not to differentiate amongst one another by their name.,,,2.0,2,19.3,6.1,School inclusivness,Education,Rights & Dignity,Us V Them,Social Relations,Culture & Society
130,U Mostaru postoje srednje škole koje nisu podijeljene po nacionalnosti.,There are high schools in Mostar that are not divided by nationality.,2.0,,,2,19.3,,School inclusivness,Education,Rights & Dignity,,,
131,"Djeca Hrvatice iz Potoka, koja su išla u Muzičku školu u Mostaru sa bošnjačkom djecom, su se nastavili družiti s njima i poslije škole.","The children of a Croat from Potoci, who went to the Music School in Mostar with Bosniak children, continued to hang out with them after school.",1.0,1.0,,2,15.5,11.0,Inclusion,Youth,Culture & Society,Socializing,Socializing,Culture & Society
132,Nacionalne podjele se ne prenose sa starijih na mlade.,National divisions are not passed on from the elderly to the young.,1.0,,1.0,2,6.1,6.6,Us V Them,Social Relations,Culture & Society,Inter-generational Relations,Social Relations,Culture & Society
133,"Hrvatska djeca idu u školu u Potocima, jer u njoj ima i hrvatski program.","Croatian children go to school in Potoci, because there is also a Croatian curriculum there.",1.0,,1.0,2,19.3,,School inclusivness,Education,Rights & Dignity,,,
134,"Žena Bošnjakinja iz Potoka odgaja svoju djecu da je najvažnije biti čovjek, pa tek onda Bošnjak.","A Bosniak woman from Potoci teaches her children that the most important thing is to first be a human, and only then a Bosniak.",,1.0,1.0,2,1.1,15.2,Personal value,Integration and acceptance,Culture & Society,Infrastructure,Youth,Culture & Society
135,"Djeca u kritičnoj dobi imaju mogućnost da korisno provode svoje vrijeme, npr. kroz sport.","Children at a critical age have the possibility to spend their time usefully, for example through sports.",2.0,,,2,15.1,19.2,Engagement,Youth,Culture & Society,Non-school based education,Education,Rights & Dignity
136,Bivši ratni zarobljenik iz Potoka na javnim tribinama širom BiH šalje poruke pomirenja.,A former prisoner of war from Potoci is sending messages of reconciliation in public tribunes across B&H.,,,2.0,2,7.5,1.0,Reconciliation,Legacies of War,Dealing with the Past,Integration and acceptance,Integration and acceptance,Culture & Society
176,Hrvati i Bošnjaci u Potocima ne žive podijeljeni po ulicama.,Croats and Bosniaks in Potoci do not live divided by streets.,,1.0,,1,6.1,1.0,Us V Them,Social Relations,Culture & Society,Integration and acceptance,Integration and acceptance,Culture & Society
177,"Ni u Mostaru, ni u Potocima, ljudi se ne ističu kao da su oni neko i nešto.",Neither in Mostar or in Potoci do people portray themselves as if they are someone and something [special].,1.0,,,1,1.1,1.3,Personal value,Integration and acceptance,Culture & Society,Social,Integration and acceptance,Culture & Society
178,Mladi u Potocima se druže na košarkaškim terenima.,Young people in Potoci hang out on basketball courts.,1.0,,,1,11.0,12.1,Socializing,Socializing,Culture & Society,Facilities,Sport,Culture & Society
179,Mladi u Potocima se druže na fudbalskim terenima.,Young people in Potoci hang out on football fields.,1.0,,,1,11.0,12.1,Socializing,Socializing,Culture & Society,Facilities,Sport,Culture & Society
180,Mladić Bošnjak i dalje ima prijatelje pravoslavce s kojima je išao u Mašinsko-saobraćajnu školu.,A young Bosniak guy still has Orthodox friends with whom he went to the Mechanical and Traffic School.,1.0,,,1,15.5,6.2,Inclusion,Youth,Culture & Society,Personal relationships,Social Relations,Culture & Society
181,"Ljudi znaju mirno rješavati probleme, da ne dođe do podjela u trenutku kada se dignu nacionalne tenzije tokom utakmica 2 kluba u Mostaru.","People know how to solve problems peacefully, so that there is no division at the moment when national tensions rise during the matches of the 2 (football) clubs in Mostar.",1.0,,,1,4.1,1.3,Sport & Hooliganism,Criminality and Legal Enforcement,Rights & Dignity,Social,Integration and acceptance,Culture & Society
182,Djeca Bošnjakinje iz Potoka se svakodnevno igraju sa komšijama Srbima,Bosniak children from Potoci play with their Serb neighbors every day.,,1.0,,1,6.12,15.5,Neighbor Relations,Social Relations,Culture & Society,Inclusion,Youth,Culture & Society
183,"U kafić ""Pub"" u Potocima dolaze ljudi svih nacionalnosti.","People of all nationalities come to the cafe ""Pub"" in Potoci.",,,1.0,1,6.9,11.1,Ethno-religious identity,Social Relations,Culture & Society,Cafes and Space,Socializing,Culture & Society
184,Roditelji Bošnjakinje iz Potoka su povratnici u Višiće (općina Čapljina) i sasvim normalno se druže sa komšijama Hrvatima.,The parents of a Bosniak woman from Potoci are returnees to Višići (Čapljina municipality) and they hang out with their Croat neighbors in a completely normal manner.,1.0,,,1,7.2,6.12,Returns,Legacies of War,Dealing with the Past,Neighbor Relations,Social Relations,Culture & Society
185,Ljudi u Mostaru nisu zaostali i ne spominju svaki dan šta je bilo prije 35 godina.,People in Mostar are not stuck in the past and do not mention every day what happened 35 years ago [prewar].,,1.0,,1,23.1,,Mental Health,Health,Rights & Dignity,,,
186,Ljudi u Mostaru nisu zaostali i ne spominju svaki dan rat.,"People in Mostar are not stuck in the past, mentioning the war every day.",,1.0,,1,7.0,23.1,Legacies of War,Legacies of War,Dealing with the Past,Mental Health,Health,Rights & Dignity
187,Hrvat u Potocima ne primjećuje probleme na nacionalnoj osnovi.,A Croat in Potoci does not notice any problems on a national basis.,,1.0,,1,1.3,6.9,Social,Integration and acceptance,Culture & Society,Ethno-religious identity,Social Relations,Culture & Society
188,U Potocima vlada tolerancija po pitanju miješanih brakova.,"In Potoci, tolerance reigns in regards to mixed marriages.",,,1.0,1,6.2,1.0,Personal relationships,Social Relations,Culture & Society,Integration and acceptance,Integration and acceptance,Culture & Society
189,Hrvatu iz Potoka priskoči u pomoć susjed Salko kad god je potrebno.,A Croat from Potoci comes to the aid of his neighbor Salko whenever necessary.,,1.0,,1,6.1,6.9,Us V Them,Social Relations,Culture & Society,Ethno-religious identity,Social Relations,Culture & Society
190,U Potocima nema međunacionalnih tuča na dnevnoj osnovi.,There are no interethnic fights in Potoci on a daily basis.,,,1.0,1,4.4,6.1,Violent Crime,Criminality and Legal Enforcement,Rights & Dignity,Us V Them,Social Relations,Culture & Society
191,Ljudi u Potocima čuju obje strane (i bošnjačku i hrvatsku) priče o ratu.,People in Potoci hear both sides (Bosniak and Croat) of war stories.,,,1.0,1,7.4,6.1,Truth Telling,Legacies of War,Dealing with the Past,Us V Them,Social Relations,Culture & Society
192,"Ljudi Srbi, Bošnjaci i Hrvati se lako slože oko asfaltiranja puta.","Serbs, Bosniaks and Croats easily agree on paving the road.",1.0,,,1,17.1,3.2,Roads,Infrastructure,Economic Activity & Livelihoods,Public Ownership,Public space,Culture & Society
193,Nikome u Potocima ne smeta što su katoličke kuće prve do džamije,Nobody in Potoci cares that Catholic houses are the first ones next to the mosque.,,1.0,,1,6.9,14.4,Ethno-religious identity,Social Relations,Culture & Society,Religious buildings,Religion,Culture & Society
194,"Na deponiju Uborak ne dovozi se otpad iz cijele županije, pa i šire.",Waste from the entire canton and beyond is not brought to the Uborak landfill.,1.0,,,1,18.0,9.1,Environment,Environment,Rights & Dignity,City politics,Governance,Rights & Dignity
195,"Nakon što su demonstranti deset dana blokirali ulaz u Uborak, odgovorni političari u Mostaru su ispunili obećanje da će riješiti problem otpada na Uborku.","After the protesters blocked the entrance to Uborak for ten days, the politicians responsible for it in Mostar fulfilled their promise to solve the problem of waste in Uborak.",1.0,,,1,9.3,6.4,Political functionality,Governance,Rights & Dignity,Activism,Social Relations,Culture & Society
196,Grad Mostar je osigurao obezbjeđenje pumpe za navodnjavanje iz jezera (pumpa nije ukradena kao prethodna dva puta).,The city of Mostar has provided a pump for irrigation from the lake (the pump has not been stolen like the previous two times).,1.0,,,1,17.6,9.1,Water/agriculture,Infrastructure,Economic Activity & Livelihoods,City politics,Governance,Rights & Dignity
197,Postavljeni su ležeći policajci na glavnoj ulici u Potocima.,Speed bumps were placed on the main street in Potoci.,,,1.0,1,17.1,21.2,Roads,Infrastructure,Economic Activity & Livelihoods,Traffic,Motor Vehicles ,Culture & Society
198,Političari na vlasti u BiH ne iniciraju* nacionalne tenzije putem medija.,Politicians in power in BiH do not initiate national tensions through the media.,,1.0,,1,13.0,9.5,Media,Media,Culture & Society,Political coexistence,Governance,Rights & Dignity
199,Vladajući političari ne dižu nacionalne tenzije da bi oni ostali na vlasti 30 godina.,Ruling politicians do not raise national tensions in ordeer to keep themselves in power for 30 years.,,1.0,,1,6.1,9.3,Us V Them,Social Relations,Culture & Society,Political functionality,Governance,Rights & Dignity
200,Uvedeni su radari za kontrolu brzine na magistrali u Potocima.,Speed ​​control radars have been introduced on the Potoci highway.,,1.0,,1,2.4,21.2,Technology,Tranquility/security ,Security,Traffic,Motor Vehicles ,Culture & Society
201,Stanovnik Potoka traži od mjesne zajednice da se postavi ležeći policajac kod škole.,A resident of Potoci is requesting from the local MZ to place a speed bump near the school.,,1.0,,1,17.1,9.6,Roads,Infrastructure,Economic Activity & Livelihoods,Mjesna zajednica,Governance,Rights & Dignity
202,"Kada ljudi u Potocima unajmljuju radnike, niko ne govori „zašto si uzeo njega“ (misleći na nacionalnost radnika).","When people in Potoci hire workers, no one says ""why did you hire him?"" (referring to the nationality of the worker).",,1.0,,1,6.1,20.2,Us V Them,Social Relations,Culture & Society,Hiring & employment,Business,Economic Activity & Livelihoods
203,Huligani ne napadaju one koji ne navijaju za njihov tim.,Hooligans do not assault those who do not cheer for their team.,,,1.0,1,4.1,6.1,Sport & Hooliganism,Criminality and Legal Enforcement,Rights & Dignity,Us V Them,Social Relations,Culture & Society
204,Ljudi razlikuju navijače od huligana.,People distinguish (football) fans from hooligans.,,,1.0,1,12.0,4.1,Sport,Sport,Culture & Society,Sport & Hooliganism,Criminality and Legal Enforcement,Rights & Dignity
205,Huligani se ne organizuju da bi se tukli nakon utakmice Veleža i Zrinjskog u Mostaru.,Hooligans do not organize fights after the match between Velež and Zrinjski (football teams) in Mostar.,,,1.0,1,4.1,12.3,Sport & Hooliganism,Criminality and Legal Enforcement,Rights & Dignity,Activities,Sport,Culture & Society
206,Nema nikakvih problema među sportistima u Mostaru.,There are no problems among athletes in Mostar.,,1.0,,1,12.0,1.3,Sport,Sport,Culture & Society,Social,Integration and acceptance,Culture & Society
207,Djeca Hrvatice iz Potoka idu u teretanu gdje su većinom Bošnjaci i nikada im niko nije ništa ružno rekao.,The children of a Croat woman from Potoci go to the gym where there are mostly Bosniaks and no one has ever said anything bad to them.,,1.0,,1,23.3,6.9,Youth Health,Health,Rights & Dignity,Ethno-religious identity,Social Relations,Culture & Society
208,Roditelji Ultrasa znaju šta im djeca rade.,Parents of Ultras members know what their children are doing.,,1.0,,1,15.2,4.1,Infrastructure,Youth,Culture & Society,Sport & Hooliganism,Criminality and Legal Enforcement,Rights & Dignity
209,"Djeca iz 3., 4. i 5. razreda osnovne škole ne pjevaju ratne pjesme.","Children from 3rd, 4th and 5th grade of primary school do not sing war songs.",,,1.0,1,15.0,7.0,Youth,Youth,Culture & Society,Legacies of War,Legacies of War,Dealing with the Past
210,"Djeca u školama idu zajedno na 80% predmeta, a ostalo imaju prema nacionalnom izboru (jezik itd.).","Children in schools attend 80% courses together, and the rest is according to their national choice (language, etc.).",,1.0,,1,6.8,19.3,Language,Social Relations,Culture & Society,School inclusivness,Education,Rights & Dignity
211,Političarima u BiH odgovara da škole u Mostaru nisu podijeljene po nacionalnosti.,It suits politicians in B&H that schools in Mostar are not nationally divided.,1.0,,,1,9.3,19.3,Political functionality,Governance,Rights & Dignity,School inclusivness,Education,Rights & Dignity
212,Razred u kojem ima Bošnjaka i Srba sasvim normalno* funkcioniše.,The class in which there are Bosniaks and Serbs functions quite normally.,,1.0,,1,19.6,19.3,School Behavior,Education,Rights & Dignity,School inclusivness,Education,Rights & Dignity
213,"Ljudi nisu prisiljeni svaki dan slušati o ratu, jer se onda pitaju ima li smisla započinjati bilo kakav posao.","People are not forced to hear about war every day, because then they ask themselves if it makes sense to start any kind of job.",,1.0,,1,20.8,7.0,Livelihoods,Business,Economic Activity & Livelihoods,Legacies of War,Legacies of War,Dealing with the Past
214,Mediji ne objavljuju vijesti koje potiču mržnju na nacionalnoj osnovi.,The media does not publish news that incites hatred on a national basis.,,,1.0,1,13.0,6.1,Media,Media,Culture & Society,Us V Them,Social Relations,Culture & Society
215,"Postoji koncertna dvorana sa preko 900 mjesta u Potocima, tako da se ljudi iz Mostara i okolnih mjesta mogu lako okupiti.","There is a concert hall with over 900 seats in Potoci, so that people from Mostar and surrounding places can easily gather.",,,1.0,1,11.0,17.4,Socializing,Socializing,Culture & Society,Buildings,Infrastructure,Economic Activity & Livelihoods
216,Ljeti dolaze grupe folklora iz Crne Gore koje igraju svoje narodno kolo na terenu u Potocima.,"In the summer, folklore groups from Montenegro come and perform their national folk dance on the field in Potoci.",,,1.0,1,3.7,1.0,Activities,Public space,Culture & Society,Integration and acceptance,Integration and acceptance,Culture & Society
217,U Potocima ljudi poštuju saobraćajne propise.,"In Potoci, people respect traffic regulations.",,,1.0,1,21.2,3.2,Traffic,Motor Vehicles ,Culture & Society,Public Ownership,Public space,Culture & Society
218,Bošnjak mladić koji želi otići i gledati utakmicu Zrinjskog ne boji se da li će biti napadnut ili ne.,A young Bosniak who wants to go and watch Zrinjski play is not worried if he is going to be attacked or not.,,1.0,,1,12.4,2.2,Inclusion,Sport,Culture & Society,Confidence,Tranquility/security ,Security
219,Huligani Zrinjskog nisu slomili vilicu dječaku Bošnjaku iz Potoka na utakmici Zrinjski-Željezničar.,Zrinjski's hooligans did not fracture the jaw of a Bosniak boy from Potoci during the Zrinjski-Željezničar match.,,,1.0,1,4.1,12.4,Sport & Hooliganism,Criminality and Legal Enforcement,Rights & Dignity,Inclusion,Sport,Culture & Society
220,Bivši ratni zarobljenik iz Potoka je mirovni aktivista već 12 godina.,The former prisoner of war from Potoci has been a peace activist for 12 years.,,1.0,,1,1.0,7.5,Integration and acceptance,Integration and acceptance,Culture & Society,Reconciliation,Legacies of War,Dealing with the Past
221,Djeca iz Potoka ne počinju kockati s 10 godina.,Children from Potoci do not start gambling when they are 10 years old.,,,1.0,1,4.0,15.0,Criminality and Legal Enforcement,Criminality and Legal Enforcement,Rights & Dignity,Youth,Youth,Culture & Society
